,job_number,Institution,URL Of Job Posting,List Id,beyond,fintech,pragmatic,assessment,disruptive,potential,financial,services,part,future,series,prepared,collaboration,deloitte,august,foreword,consistent,world,economic,forums,mission,applying,multistakeholder,approach,address,issues,global,impact,creating,report,involved,extensive,outreach,dialogue,numerous,organizations,individuals,included,innovation,technology,communities,professionals,academia,public,sector,interviews,international,workshop,sessions,encouraging,collaborative,discuss,insights,opportunities,concerning,disruption,within,industry,holistic,perspective,would,enriched,without,support,contributions,subject,matter,experts,assisted,driving,thoughts,forward,particular,thank,projects,steering,committee,working,group,introduced,acknowledgements,section,played,invaluable,role,expertise,patient,mentorship,also,critical,ongoing,institutional,initiative,forum,leadership,chairman,whose,vision,fourth,industrial
https://jobs.jpmorganchase.com/ShowJob/Id/184438/Web-Test-Engineer-(JavaScript)/,180113073,JP Morgan,https://jobs.jpmorganchase.com/ShowJob/Id/184438/Web-Test-Engineer-(JavaScript)/,1,0,0,0,0,0,0,2,1,3,0,0,0,0,0,0,0,0,3,0,0,0,0,0,1,0,0,3,1,0,0,0,0,0,0,0,0,0,0,0,6,0,0,0,0,0,0,0,0,0,0,0,0,0,0,0,0,0,1,0,0,0,0,0,0,0,0,0,0,0,0,0,0,0,0,0,0,0,2,0,0,0,0,0,0,0,0,0,0,1,0,0,0,0,0,0,0,0,0,0,0
https://jobs.jpmorganchase.com/ShowJob/Id/198113/Wintel-System-Administrator/,190007401,JP Morgan,https://jobs.jpmorganchase.com/ShowJob/Id/198113/Wintel-System-Administrator/,1,0,0,0,0,0,0,2,3,5,0,0,0,0,0,0,0,0,2,0,0,0,0,0,1,0,4,3,0,0,0,0,0,0,0,0,0,0,0,0,9,0,1,0,0,0,0,0,0,0,0,0,0,0,0,0,0,1,1,0,0,0,0,0,5,0,0,0,0,0,0,0,0,0,0,2,0,0,3,1,0,0,0,0,0,2,0,0,0,2,0,0,0,0,0,0,0,0,0,0,0
"https://jobs.jpmorganchase.com/ShowJob/Id/188168/We-See-Ability-Event-January-22th,-2019-PWD/",180121009,JP Morgan,"https://jobs.jpmorganchase.com/ShowJob/Id/188168/We-See-Ability-Event-January-22th,-2019-PWD/",1,0,0,0,0,0,0,0,0,0,0,0,0,0,0,0,0,0,0,0,0,0,0,0,0,0,0,0,0,0,0,0,0,0,0,0,0,0,0,0,0,0,0,0,0,0,0,0,0,0,0,0,0,0,0,0,0,0,0,0,0,0,0,0,0,0,0,0,0,0,0,0,0,0,0,0,0,0,0,0,0,0,0,0,0,0,0,0,0,0,0,0,0,0,0,0,0,0,0,0,0
https://jobs.jpmorganchase.com/ShowJob/Id/192948/WePay-IT-Business-Analyst/,180122985_2,JP Morgan,https://jobs.jpmorganchase.com/ShowJob/Id/192948/WePay-IT-Business-Analyst/,1,0,0,0,0,0,0,2,1,3,0,0,0,0,0,0,0,0,2,0,0,0,0,0,0,0,0,3,1,3,0,0,0,0,0,0,0,1,0,1,5,0,0,0,0,0,0,0,0,1,0,0,0,0,0,0,0,1,1,0,0,0,0,0,0,0,0,0,0,0,0,0,0,0,0,0,0,0,3,0,0,0,0,0,0,2,0,0,0,1,0,0,0,0,0,0,0,0,0,0,0
https://jobs.jpmorganchase.com/ShowJob/Id/186009/Workforce-Analyst-I-Manager/,180102132,JP Morgan,https://jobs.jpmorganchase.com/ShowJob/Id/186009/Workforce-Analyst-I-Manager/,1,0,0,0,0,0,0,1,1,0,0,0,0,0,0,0,0,0,0,0,0,0,0,0,0,0,0,0,0,0,0,0,0,0,0,0,0,0,0,0,0,0,0,0,0,0,0,0,0,0,0,0,1,0,0,0,0,1,0,0,0,0,0,0,1,0,1,1,0,0,0,0,0,0,0,1,0,0,1,0,0,0,0,0,0,0,1,0,0,0,0,0,0,0,0,2,0,0,0,0,0
https://jobs.jpmorganchase.com/ShowJob/Id/196809/WM-Client-Technology-Software-Engineer/,180117144,JP Morgan,https://jobs.jpmorganchase.com/ShowJob/Id/196809/WM-Client-Technology-Software-Engineer/,1,0,0,0,0,0,0,2,1,2,0,0,0,0,0,0,0,0,3,0,0,1,0,0,1,0,0,3,1,2,0,0,0,0,0,0,0,1,0,1,7,0,0,0,0,0,0,0,0,0,0,0,0,0,0,0,0,0,1,0,0,0,0,0,0,0,0,0,0,0,0,0,0,0,0,0,0,0,3,1,0,0,0,0,0,1,0,0,0,1,0,0,0,0,0,0,0,0,0,0,0
https://jobs.jpmorganchase.com/ShowJob/Id/161919/Wholesale-Credit-Risk-–-Business-Analyst-–-Associate/,180085215,JP Morgan,https://jobs.jpmorganchase.com/ShowJob/Id/161919/Wholesale-Credit-Risk-–-Business-Analyst-–-Associate/,1,0,0,0,0,0,0,10,0,0,0,0,0,0,0,0,0,0,0,0,0,0,0,0,0,0,1,1,0,0,1,0,1,0,0,0,1,0,0,0,5,0,0,0,0,0,0,0,0,0,0,0,0,0,0,0,0,0,2,0,0,0,0,0,1,0,0,0,0,0,0,0,0,0,0,2,0,0,6,1,0,0,0,0,0,1,0,0,0,0,2,0,0,0,0,0,0,0,0,0,0
https://jobs.jpmorganchase.com/ShowJob/Id/191221/Windows-Infrastructure-Developer/,180079269,JP Morgan,https://jobs.jpmorganchase.com/ShowJob/Id/191221/Windows-Infrastructure-Developer/,1,0,0,0,0,0,0,0,3,0,0,0,0,0,0,0,0,0,0,0,0,0,0,0,0,1,1,1,0,0,0,0,1,0,0,0,0,1,0,0,3,0,0,0,0,0,0,0,0,0,0,0,0,0,0,0,0,1,0,0,0,0,0,0,1,0,0,0,0,0,0,0,0,0,0,0,0,0,0,0,0,0,0,0,0,1,0,0,0,0,1,0,0,0,0,0,0,0,0,0,0
https://jobs.jpmorganchase.com/ShowJob/Id/192946/WePay-IT-Business-Analyst/,180122985,JP Morgan,https://jobs.jpmorganchase.com/ShowJob/Id/192946/WePay-IT-Business-Analyst/,1,0,0,0,0,0,0,2,1,3,0,0,0,0,0,0,0,0,2,0,0,0,0,0,0,0,0,3,1,3,0,0,0,0,0,0,0,1,0,1,5,0,0,0,0,0,0,0,0,1,0,0,0,0,0,0,0,1,1,0,0,0,0,0,0,0,0,0,0,0,0,0,0,0,0,0,0,0,3,0,0,0,0,0,0,2,0,0,0,1,0,0,0,0,0,0,0,0,0,0,0
https://jobs.jpmorganchase.com/ShowJob/Id/197228/Web-Test-Engineer-(Java)/,180120756,JP Morgan,https://jobs.jpmorganchase.com/ShowJob/Id/197228/Web-Test-Engineer-(Java)/,1,0,0,0,0,0,0,2,2,3,0,0,0,0,0,0,0,0,3,0,0,0,0,0,1,0,0,3,1,0,0,0,0,0,0,0,0,0,0,0,7,0,0,0,0,0,0,0,0,0,0,0,0,0,0,0,0,0,1,0,0,0,0,0,0,0,0,0,0,0,0,0,0,0,0,0,0,0,2,0,0,0,0,0,0,0,0,0,0,1,0,0,0,0,0,0,0,0,0,0,0
https://jobs.jpmorganchase.com/ShowJob/Id/196437/Workplace-Technology-Services-Branch-Services-Infrastructure-Manager/,180116077,JP Morgan,https://jobs.jpmorganchase.com/ShowJob/Id/196437/Workplace-Technology-Services-Branch-Services-Infrastructure-Manager/,1,0,0,0,0,0,0,2,8,2,0,0,0,0,0,0,0,0,2,0,0,0,0,0,1,0,0,3,1,1,0,0,0,0,0,0,0,0,1,0,12,0,0,0,0,0,0,0,0,0,0,0,0,0,0,0,0,0,1,1,0,0,0,0,0,0,0,0,0,0,0,0,0,0,0,0,0,0,1,1,0,0,0,0,0,1,0,0,0,1,1,0,0,0,0,0,0,0,0,0,0
https://jobs.jpmorganchase.com/ShowJob/Id/183538/Wholesale-Client-Onboarding-Operations-Control-Manager-Vice-President/,180109083,JP Morgan,https://jobs.jpmorganchase.com/ShowJob/Id/183538/Wholesale-Client-Onboarding-Operations-Control-Manager-Vice-President/,1,0,0,0,0,0,1,5,4,0,1,0,0,0,0,0,0,2,1,1,0,0,0,0,1,0,5,6,0,0,0,0,0,0,0,0,1,0,0,0,1,0,0,0,0,0,0,0,0,0,0,0,0,0,0,0,0,2,0,0,0,0,0,0,2,0,0,0,0,0,0,0,0,0,0,1,0,0,0,0,0,0,0,0,0,1,0,0,0,0,1,0,1,0,0,0,0,1,0,0,1
https://jobs.jpmorganchase.com/ShowJob/Id/193555/Web-Developer-for-Athena/,180124995,JP Morgan,https://jobs.jpmorganchase.com/ShowJob/Id/193555/Web-Developer-for-Athena/,1,0,0,0,0,0,0,2,1,2,0,0,0,0,0,0,0,0,4,0,0,2,0,0,0,0,0,4,1,1,0,0,0,0,0,0,0,0,0,0,7,0,0,0,0,0,0,0,0,0,0,0,0,0,0,0,0,0,1,0,0,1,0,0,0,0,0,0,0,0,0,0,0,0,0,0,0,0,4,0,0,0,0,0,0,2,2,0,0,1,1,0,0,0,0,0,0,0,0,0,0
https://jobs.jpmorganchase.com/ShowJob/Id/37/Job-Opportunities-at-JPMorgan-Chase/,GENREF001,JP Morgan,https://jobs.jpmorganchase.com/ShowJob/Id/37/Job-Opportunities-at-JPMorgan-Chase/,1,0,0,0,0,0,0,0,0,0,0,0,0,0,0,0,0,0,0,0,0,0,0,0,0,0,0,0,0,0,0,0,0,0,0,0,0,2,0,0,0,0,0,0,0,0,0,0,0,0,0,0,0,0,1,0,0,0,0,0,0,0,0,0,1,0,0,0,0,0,0,0,0,0,0,0,0,0,0,0,0,0,0,0,0,0,0,0,0,0,1,0,0,0,0,0,0,0,0,0,0
https://jobs.jpmorganchase.com/ShowJob/Id/157108/Workforce-Analyst-II-Manager/,180069297,JP Morgan,https://jobs.jpmorganchase.com/ShowJob/Id/157108/Workforce-Analyst-II-Manager/,1,0,0,0,0,0,0,1,1,0,0,0,0,0,0,0,0,0,0,0,0,0,0,0,0,0,0,0,0,0,0,0,0,0,0,0,0,0,0,0,0,0,0,0,0,0,0,0,0,0,0,0,0,0,0,0,0,3,0,0,0,0,0,0,3,0,2,2,0,0,0,0,0,0,0,1,0,0,1,0,0,0,0,0,0,0,2,0,0,0,0,0,0,0,0,2,0,0,0,0,0
https://jobs.jpmorganchase.com/ShowJob/Id/199359/WM-Controls-Management-Business-Quality-Assurance-COE-Control-Testing-Lead-–-Vice-President/,190007763,JP Morgan,https://jobs.jpmorganchase.com/ShowJob/Id/199359/WM-Controls-Management-Business-Quality-Assurance-COE-Control-Testing-Lead-–-Vice-President/,1,0,0,0,1,0,0,1,4,0,0,0,0,2,0,0,0,0,2,0,0,1,0,0,0,0,2,5,0,0,0,0,0,0,0,0,0,2,0,0,0,1,0,0,0,0,0,1,0,0,0,0,0,0,1,0,0,1,0,0,0,0,0,0,3,0,0,0,0,0,0,0,0,0,0,0,0,0,0,1,0,0,0,0,0,0,0,0,0,1,1,0,0,0,0,0,0,0,0,0,0
https://jobs.jpmorganchase.com/ShowJob/Id/195869/Workforce-Analyst-I-(Forecaster)/,180117911,JP Morgan,https://jobs.jpmorganchase.com/ShowJob/Id/195869/Workforce-Analyst-I-(Forecaster)/,1,0,0,0,0,0,0,1,1,0,0,0,0,0,0,0,0,0,0,0,0,0,0,0,0,0,0,0,0,0,0,0,0,0,0,0,0,0,0,0,0,0,0,0,0,0,0,0,0,0,0,0,1,0,0,0,0,1,0,0,0,0,0,0,1,0,1,1,0,0,0,0,0,0,0,1,0,0,1,0,0,0,0,0,0,0,1,0,0,0,0,0,0,0,0,2,0,0,0,0,0
https://jobs.jpmorganchase.com/ShowJob/Id/192956/WePay-IT-Business-Analyst/,180122981_2,JP Morgan,https://jobs.jpmorganchase.com/ShowJob/Id/192956/WePay-IT-Business-Analyst/,1,0,0,0,0,0,0,2,1,3,0,0,0,0,0,0,0,0,3,0,0,0,0,0,0,0,0,3,1,3,0,0,0,0,0,0,0,1,0,1,5,0,0,0,0,0,0,0,0,1,0,0,0,0,0,0,0,1,1,0,0,0,0,0,0,0,0,0,0,0,0,0,0,0,0,0,0,0,3,0,0,0,0,0,0,2,0,0,0,1,0,0,0,0,0,0,0,0,0,0,0
https://jobs.jpmorganchase.com/ShowJob/Id/192955/WePay-IT-Business-Analyst/,180122981_1,JP Morgan,https://jobs.jpmorganchase.com/ShowJob/Id/192955/WePay-IT-Business-Analyst/,1,0,0,0,0,0,0,2,1,3,0,0,0,0,0,0,0,0,3,0,0,0,0,0,0,0,0,3,1,3,0,0,0,0,0,0,0,1,0,1,5,0,0,0,0,0,0,0,0,1,0,0,0,0,0,0,0,1,1,0,0,0,0,0,0,0,0,0,0,0,0,0,0,0,0,0,0,0,3,0,0,0,0,0,0,2,0,0,0,1,0,0,0,0,0,0,0,0,0,0,0
https://jobs.jpmorganchase.com/ShowJob/Id/186294/Workforce-Analyst-II-Manager/,180102096,JP Morgan,https://jobs.jpmorganchase.com/ShowJob/Id/186294/Workforce-Analyst-II-Manager/,1,0,0,0,0,0,0,1,1,0,0,0,0,0,0,0,0,0,0,0,0,0,0,0,0,0,0,0,0,0,0,0,0,0,0,0,0,0,0,0,0,0,0,0,0,0,0,0,0,0,0,0,0,0,0,0,0,3,0,0,0,0,0,0,3,0,2,2,0,0,0,0,0,0,0,1,0,0,1,0,0,0,0,0,0,0,2,0,0,0,0,0,0,0,0,2,0,0,0,0,0
https://jobs.jpmorganchase.com/ShowJob/Id/40412/Wholesale-Credit-Analytics-Platform-–-Software-Engineer/,170014460,JP Morgan,https://jobs.jpmorganchase.com/ShowJob/Id/40412/Wholesale-Credit-Analytics-Platform-–-Software-Engineer/,1,0,0,0,0,0,0,3,2,0,0,0,0,0,0,0,0,0,0,0,0,0,0,0,0,0,0,2,0,0,0,0,0,0,0,0,0,0,0,1,5,0,0,0,0,0,0,0,0,0,0,0,0,0,0,0,0,1,1,0,0,0,0,0,2,0,0,0,0,0,1,0,0,0,0,0,0,0,0,0,0,0,0,0,0,0,0,0,0,0,0,0,1,0,0,0,0,0,0,0,1
https://jobs.jpmorganchase.com/ShowJob/Id/193256/Workforce-Data-Quality-Champion-Vice-President/,180120923_1,JP Morgan,https://jobs.jpmorganchase.com/ShowJob/Id/193256/Workforce-Data-Quality-Champion-Vice-President/,1,1,0,0,0,0,0,3,2,0,0,0,0,0,0,0,0,0,0,0,0,0,0,0,1,0,0,4,0,0,0,0,0,0,0,0,0,0,0,0,3,0,1,0,0,0,0,0,0,0,0,0,1,0,1,0,0,2,1,0,0,0,0,0,4,0,0,0,0,0,0,0,0,0,0,0,0,0,1,0,0,0,0,0,0,1,0,0,0,0,0,0,1,0,0,0,0,0,1,0,1
https://jobs.jpmorganchase.com/ShowJob/Id/172638/Web-UI-Software-Engineer-React-Angular-Asset-Management/,180098477,JP Morgan,https://jobs.jpmorganchase.com/ShowJob/Id/172638/Web-UI-Software-Engineer-React-Angular-Asset-Management/,1,0,0,0,0,0,0,3,1,3,0,0,0,0,0,0,0,0,3,0,0,3,0,0,1,0,0,3,1,1,0,0,0,0,0,0,0,0,0,0,9,0,0,0,0,0,0,0,0,0,0,0,0,0,0,0,0,0,1,0,0,0,0,0,0,0,0,0,0,0,0,0,0,0,0,0,0,0,1,0,0,0,0,0,0,1,2,0,0,1,1,0,0,0,0,0,0,0,0,0,0
https://jobs.jpmorganchase.com/ShowJob/Id/192947/WePay-IT-Business-Analyst/,180122985_1,JP Morgan,https://jobs.jpmorganchase.com/ShowJob/Id/192947/WePay-IT-Business-Analyst/,1,0,0,0,0,0,0,2,1,3,0,0,0,0,0,0,0,0,2,0,0,0,0,0,0,0,0,3,1,3,0,0,0,0,0,0,0,1,0,1,5,0,0,0,0,0,0,0,0,1,0,0,0,0,0,0,0,1,1,0,0,0,0,0,0,0,0,0,0,0,0,0,0,0,0,0,0,0,3,0,0,0,0,0,0,2,0,0,0,1,0,0,0,0,0,0,0,0,0,0,0
https://jobs.jpmorganchase.com/ShowJob/Id/192303/Writer-Marketing-Communications-Associate-Commercial-Banking/,180124605,JP Morgan,https://jobs.jpmorganchase.com/ShowJob/Id/192303/Writer-Marketing-Communications-Associate-Commercial-Banking/,1,0,0,0,0,0,1,1,1,0,0,0,0,0,0,0,0,0,0,0,0,0,0,0,0,0,1,0,0,0,0,0,0,0,0,1,0,0,0,0,0,0,0,0,0,0,0,0,0,0,0,1,0,0,0,0,0,1,1,0,0,0,0,0,5,0,1,1,1,0,0,0,0,0,0,4,0,0,1,0,0,0,0,0,0,0,1,0,0,0,0,0,0,0,0,1,0,0,0,0,0
https://jobs.jpmorganchase.com/ShowJob/Id/193255/Workforce-Data-Quality-Champion-Vice-President/,180120923,JP Morgan,https://jobs.jpmorganchase.com/ShowJob/Id/193255/Workforce-Data-Quality-Champion-Vice-President/,1,1,0,0,0,0,0,3,2,0,0,0,0,0,0,0,0,0,0,0,0,0,0,0,1,0,0,4,0,0,0,0,0,0,0,0,0,0,0,0,3,0,1,0,0,0,0,0,0,0,0,0,1,0,1,0,0,2,1,0,0,0,0,0,4,0,0,0,0,0,0,0,0,0,0,0,0,0,1,0,0,0,0,0,0,1,0,0,0,0,0,0,1,0,0,0,0,0,1,0,1
https://jobs.jpmorganchase.com/ShowJob/Id/12830/Web-Developer/,170024217,JP Morgan,https://jobs.jpmorganchase.com/ShowJob/Id/12830/Web-Developer/,1,0,0,0,0,0,0,1,2,0,0,0,0,0,0,0,0,0,1,0,0,0,0,0,0,0,0,3,0,0,0,0,1,0,0,0,0,0,0,0,2,0,0,0,0,0,0,0,0,0,0,0,0,0,0,0,0,1,0,0,0,0,0,0,1,0,0,0,0,0,0,0,0,0,0,0,0,0,1,0,0,0,0,0,0,2,0,0,0,0,0,0,0,0,0,0,0,0,0,0,0
https://jobs.jpmorganchase.com/ShowJob/Id/196415/Women-in-Technology-Software-Engineer-Networking-evening-–-Tuesday-12th-Feb/,190006309,JP Morgan,https://jobs.jpmorganchase.com/ShowJob/Id/196415/Women-in-Technology-Software-Engineer-Networking-evening-–-Tuesday-12th-Feb/,1,0,0,0,0,0,0,0,0,0,0,0,0,0,0,0,0,0,0,0,0,0,0,0,0,0,0,0,0,0,0,0,0,0,0,0,0,0,0,0,4,0,0,0,0,0,0,0,0,0,0,0,0,0,0,0,0,0,0,0,0,0,0,0,0,0,0,0,0,0,0,0,1,0,1,0,0,0,0,0,0,0,0,0,0,0,0,0,0,0,0,0,0,0,0,0,0,0,0,0,0
https://jobs.jpmorganchase.com/ShowJob/Id/192954/WePay-IT-Business-Analyst/,180122981,JP Morgan,https://jobs.jpmorganchase.com/ShowJob/Id/192954/WePay-IT-Business-Analyst/,1,0,0,0,0,0,0,2,1,3,0,0,0,0,0,0,0,0,3,0,0,0,0,0,0,0,0,3,1,3,0,0,0,0,0,0,0,1,0,1,5,0,0,0,0,0,0,0,0,1,0,0,0,0,0,0,0,1,1,0,0,0,0,0,0,0,0,0,0,0,0,0,0,0,0,0,0,0,3,0,0,0,0,0,0,2,0,0,0,1,0,0,0,0,0,0,0,0,0,0,0
https://jobs.jpmorganchase.com/ShowJob/Id/182086/Wholesale-Lending-Services-–-Traditional-Credit-Product-Middle-Office-–-Associate/,180113035,JP Morgan,https://jobs.jpmorganchase.com/ShowJob/Id/182086/Wholesale-Lending-Services-–-Traditional-Credit-Product-Middle-Office-–-Associate/,1,0,0,0,0,0,0,3,4,0,0,0,0,0,0,0,0,0,0,0,0,0,0,0,0,0,1,2,0,0,0,0,0,0,0,0,0,0,0,0,1,0,0,0,0,0,0,0,0,0,0,0,0,0,0,0,0,1,0,0,0,1,0,0,3,0,0,0,0,0,0,0,0,0,0,1,0,0,1,0,0,0,0,0,0,1,0,0,0,0,0,0,1,1,0,0,0,0,0,0,1
https://jobs.jpmorganchase.com/ShowJob/Id/182243/Writer-Marketing-Communications-Sr.-Associate-Commercial-Banking/,180113096,JP Morgan,https://jobs.jpmorganchase.com/ShowJob/Id/182243/Writer-Marketing-Communications-Sr.-Associate-Commercial-Banking/,1,0,0,0,0,0,1,1,1,0,0,0,0,0,0,0,0,0,0,0,0,0,0,0,0,0,1,0,0,0,0,0,0,0,0,1,0,0,0,0,0,0,0,0,0,0,0,0,0,0,0,1,0,0,0,0,0,1,1,0,0,0,0,0,5,0,1,1,1,0,0,0,0,0,0,4,0,0,1,0,0,0,0,0,0,0,1,0,0,0,0,0,0,0,0,1,0,0,0,0,0
http://careers.bankofamerica.com/job-detail/18075473/united-states/us/enterprise-independent-testing-eit-data-lead-jersey-city-nj-or-charlotte-nc,18075473,Bank Of America,http://careers.bankofamerica.com/job-detail/18075473/united-states/us/enterprise-independent-testing-eit-data-lead-jersey-city-nj-or-charlotte-nc,1,0,0,0,0,0,0,0,0,0,0,0,0,0,0,0,0,0,0,0,0,0,0,0,0,0,0,1,0,0,0,0,0,0,0,0,0,0,0,0,0,0,0,0,0,0,0,0,0,0,0,0,0,0,0,0,0,0,0,0,0,0,0,0,0,0,0,0,0,0,0,0,0,0,0,0,0,0,1,0,0,0,0,0,0,1,0,0,0,0,0,1,0,0,0,0,0,0,0,0,0
http://careers.bankofamerica.com/job-detail/18075473/united-states/us/enterprise-independent-testing-eit-data-lead-jersey-city-nj-or-charlotte-nc,18075473,Bank Of America,http://careers.bankofamerica.com/job-detail/18075473/united-states/us/enterprise-independent-testing-eit-data-lead-jersey-city-nj-or-charlotte-nc,1,0,0,0,0,0,0,0,0,0,0,0,0,0,0,0,0,0,0,0,0,0,0,0,0,0,0,1,0,0,0,0,0,0,0,0,0,0,0,0,0,0,0,0,0,0,0,0,0,0,0,0,0,0,0,0,0,0,0,0,0,0,0,0,0,0,0,0,0,0,0,0,0,0,0,0,0,0,1,0,0,0,0,0,0,1,0,0,0,0,0,1,0,0,0,0,0,0,0,0,0
http://careers.bankofamerica.com/job-detail/19004683/united-states/us/senior-benefits-consultant,19004683,Bank Of America,http://careers.bankofamerica.com/job-detail/19004683/united-states/us/senior-benefits-consultant,1,0,0,0,0,0,0,1,0,0,0,0,0,0,0,0,0,0,0,0,0,0,0,0,0,0,0,0,0,0,0,0,0,0,0,0,0,1,0,0,0,0,0,0,0,0,0,0,0,0,0,0,0,0,0,0,0,0,0,0,0,0,0,0,1,0,0,0,0,0,1,0,0,0,0,0,0,0,0,0,0,0,0,0,0,2,0,0,0,0,1,0,0,0,0,0,0,0,0,0,0
http://careers.bankofamerica.com/job-detail/19005470/united-states/us/client-service-representative,19005470,Bank Of America,http://careers.bankofamerica.com/job-detail/19005470/united-states/us/client-service-representative,1,1,0,0,0,0,0,9,3,1,0,0,1,0,0,0,0,0,3,0,0,0,0,0,0,0,0,0,0,1,1,1,0,0,0,0,0,0,0,0,2,2,0,0,0,0,0,0,0,0,0,0,0,0,2,0,0,0,0,0,0,0,0,0,1,0,0,0,0,0,0,0,1,0,0,0,0,0,1,0,0,0,0,0,0,1,0,0,0,0,0,0,0,0,0,0,0,0,0,0,0
http://careers.bankofamerica.com/job-detail/19005517/united-states/us/client-service-representative,19005517,Bank Of America,http://careers.bankofamerica.com/job-detail/19005517/united-states/us/client-service-representative,1,0,0,0,0,0,0,1,2,0,0,0,0,0,0,0,0,0,0,0,0,0,0,0,0,0,0,0,0,0,0,0,0,0,0,0,0,0,0,0,0,0,0,0,0,0,0,0,0,0,1,0,0,0,0,0,0,1,0,0,0,0,0,0,0,0,0,0,0,0,0,0,0,0,0,0,0,0,0,0,0,0,0,0,0,0,1,0,0,0,0,0,0,0,0,0,0,0,0,0,0
http://careers.bankofamerica.com/job-detail/19006264/united-states/us/client-service-representative,19006264,Bank Of America,http://careers.bankofamerica.com/job-detail/19006264/united-states/us/client-service-representative,1,1,0,0,0,0,0,9,3,1,0,0,1,0,0,0,0,0,3,0,0,0,0,0,0,0,0,0,0,1,1,1,0,0,0,0,0,0,0,0,2,2,0,0,0,0,0,0,0,0,0,0,0,0,2,0,0,0,0,0,0,0,0,0,1,0,0,0,0,0,0,0,1,0,0,0,0,0,1,0,0,0,0,0,0,1,0,0,0,0,0,0,0,0,0,0,0,0,0,0,0
http://careers.bankofamerica.com/job-detail/19006923/united-states/us/client-service-representative,19006923,Bank Of America,http://careers.bankofamerica.com/job-detail/19006923/united-states/us/client-service-representative,1,1,0,0,0,0,0,9,3,1,0,0,1,0,0,0,0,0,3,0,0,0,0,0,0,0,0,0,0,1,1,1,0,0,0,0,0,0,0,0,2,2,0,0,0,0,0,0,0,0,0,0,0,0,2,0,0,0,0,0,0,0,0,0,1,0,0,0,0,0,0,0,1,0,0,0,0,0,1,0,0,0,0,0,0,1,0,0,0,0,0,0,0,0,0,0,0,0,0,0,0
http://careers.bankofamerica.com/job-detail/19007013/united-states/us/client-service-representative,19007013,Bank Of America,http://careers.bankofamerica.com/job-detail/19007013/united-states/us/client-service-representative,1,1,0,0,0,0,0,9,3,1,0,0,1,0,0,0,0,0,3,0,0,0,0,0,0,0,0,0,0,1,1,1,0,0,0,0,0,0,0,0,2,2,0,0,0,0,0,0,0,0,0,0,0,0,2,0,0,0,0,0,0,0,0,0,1,0,0,0,0,0,0,0,1,0,0,0,0,0,1,0,0,0,0,0,0,1,0,0,0,0,0,0,0,0,0,0,0,0,0,0,0
http://careers.bankofamerica.com/job-detail/19007553/united-states/us/merrill-edge-process-design-consultant,19007553,Bank Of America,http://careers.bankofamerica.com/job-detail/19007553/united-states/us/merrill-edge-process-design-consultant,1,0,0,0,0,0,0,0,0,0,0,0,0,0,0,0,0,0,1,0,0,0,0,0,0,0,0,0,0,0,0,0,0,0,0,0,0,0,0,0,0,0,0,0,0,0,0,0,0,0,0,0,0,0,0,0,0,4,0,0,0,0,0,0,1,0,0,0,0,0,0,0,0,0,0,0,0,0,0,0,0,0,0,0,0,3,0,0,0,0,2,0,0,0,0,2,0,0,0,0,0
http://careers.bankofamerica.com/job-detail/19007710/united-states/us/business-analyst,19007710,Bank Of America,http://careers.bankofamerica.com/job-detail/19007710/united-states/us/business-analyst,1,0,0,0,0,0,0,1,0,1,0,0,0,0,0,0,0,0,0,0,0,0,0,0,0,0,1,0,0,0,0,0,0,0,0,0,0,0,0,0,3,0,0,0,0,0,0,0,0,0,0,0,0,0,0,0,0,0,2,0,0,0,0,0,0,0,0,0,0,0,0,0,0,0,0,0,0,0,1,0,0,0,0,0,0,0,0,0,0,0,0,0,0,0,0,0,0,0,0,0,0
http://careers.bankofamerica.com/job-detail/19007782/united-states/us/registered-client-associate,19007782,Bank Of America,http://careers.bankofamerica.com/job-detail/19007782/united-states/us/registered-client-associate,1,0,0,0,0,0,0,2,1,0,0,0,0,0,0,0,0,0,1,0,0,0,0,0,0,0,0,0,0,0,0,0,0,0,0,0,0,1,0,0,0,0,0,0,0,0,0,0,0,0,0,0,0,1,0,0,0,0,0,0,0,0,0,0,3,0,0,0,0,0,0,0,0,1,0,0,0,0,0,0,0,0,0,0,0,1,0,0,0,1,0,0,0,0,0,0,0,0,0,0,0
http://careers.bankofamerica.com/job-detail/19008050/united-states/us/syndications-support-specialist-leasing,19008050,Bank Of America,http://careers.bankofamerica.com/job-detail/19008050/united-states/us/syndications-support-specialist-leasing,1,0,0,0,0,0,0,0,0,0,0,0,0,0,0,0,0,0,0,0,0,0,0,0,0,0,0,0,0,0,0,0,0,0,0,0,0,0,0,0,0,0,0,0,0,0,0,0,0,0,0,0,0,0,0,0,0,1,0,0,0,0,0,0,0,0,0,0,0,0,0,0,0,0,0,0,0,0,0,0,0,0,0,0,0,0,0,0,0,0,0,0,0,0,0,0,0,0,0,0,0
http://careers.bankofamerica.com/job-detail/18075553/united-states/us/technical-lead-enterprise-independent-testing-jersey-city-nj-or-charlotte-nc,18075553,Bank Of America,http://careers.bankofamerica.com/job-detail/18075553/united-states/us/technical-lead-enterprise-independent-testing-jersey-city-nj-or-charlotte-nc,1,0,0,0,0,0,0,0,0,0,0,0,0,0,0,0,0,0,0,0,0,0,0,0,0,0,0,1,0,0,0,0,0,0,0,0,0,0,0,0,1,0,0,0,0,0,0,0,0,0,0,0,0,0,0,0,0,0,0,0,0,0,0,0,2,0,0,0,0,0,0,0,0,0,0,0,0,0,0,0,0,0,0,0,0,3,0,0,0,0,0,0,0,0,0,0,0,0,0,0,0
http://careers.bankofamerica.com/job-detail/18075553/united-states/us/technical-lead-enterprise-independent-testing-jersey-city-nj-or-charlotte-nc,18075553,Bank Of America,http://careers.bankofamerica.com/job-detail/18075553/united-states/us/technical-lead-enterprise-independent-testing-jersey-city-nj-or-charlotte-nc,1,0,0,0,0,0,0,0,0,0,0,0,0,0,0,0,0,0,0,0,0,0,0,0,0,0,0,1,0,0,0,0,0,0,0,0,0,0,0,0,1,0,0,0,0,0,0,0,0,0,0,0,0,0,0,0,0,0,0,0,0,0,0,0,2,0,0,0,0,0,0,0,0,0,0,0,0,0,0,0,0,0,0,0,0,3,0,0,0,0,0,0,0,0,0,0,0,0,0,0,0
http://careers.bankofamerica.com/job-detail/18076413/united-states/us/client-service-representative,18076413,Bank Of America,http://careers.bankofamerica.com/job-detail/18076413/united-states/us/client-service-representative,1,0,0,0,0,0,0,1,2,0,0,0,0,0,0,0,0,0,0,0,0,0,0,0,0,0,0,0,0,0,0,0,0,0,0,0,0,0,0,0,0,0,0,0,0,0,0,0,0,0,1,0,0,0,0,0,0,1,0,0,0,0,0,0,0,0,0,0,0,0,0,0,0,0,0,0,0,0,0,0,0,0,0,0,0,0,1,0,0,0,0,0,0,0,0,0,0,0,0,0,0
http://careers.bankofamerica.com/job-detail/19001640/united-states/us/small-business-consultant-gwinnett-place-duluth-ga,19001640,Bank Of America,http://careers.bankofamerica.com/job-detail/19001640/united-states/us/small-business-consultant-gwinnett-place-duluth-ga,1,0,0,0,0,0,0,6,2,2,0,0,1,0,0,0,0,1,2,0,0,0,0,0,0,0,0,0,0,0,0,0,1,0,0,0,0,0,0,0,1,2,0,0,0,0,0,0,0,0,0,0,0,0,1,0,0,1,3,0,0,0,0,0,2,0,0,0,1,0,0,0,1,0,0,0,0,0,5,0,0,0,0,0,0,2,0,0,1,1,0,0,0,0,0,0,0,0,0,0,0
http://careers.bankofamerica.com/job-detail/19004818/united-states/us/relationship-banker-naperville-south-area-il,19004818,Bank Of America,http://careers.bankofamerica.com/job-detail/19004818/united-states/us/relationship-banker-naperville-south-area-il,1,0,0,0,1,0,0,5,1,0,0,0,0,1,0,0,0,0,0,0,0,0,0,0,0,0,0,0,0,1,0,0,0,0,0,0,0,0,0,0,2,0,0,0,0,0,0,0,0,0,0,0,0,0,3,0,0,0,0,0,0,0,0,0,0,0,0,0,0,0,0,0,0,0,0,0,0,0,0,0,0,0,0,0,0,1,0,0,0,1,2,0,0,1,0,0,0,0,0,0,0
http://careers.bankofamerica.com/job-detail/19005665/united-states/us/financial-center-manger-retail-banking-69th-and-shea-bc-6929-e-shea-blvd--scottsdale-az,19005665,Bank Of America,http://careers.bankofamerica.com/job-detail/19005665/united-states/us/financial-center-manger-retail-banking-69th-and-shea-bc-6929-e-shea-blvd--scottsdale-az,1,0,0,0,0,0,1,13,1,1,0,0,1,0,0,0,0,0,3,0,0,0,0,0,0,0,0,0,0,0,1,0,0,0,0,0,0,0,0,0,2,2,0,0,0,0,0,0,0,0,0,0,0,0,3,0,0,0,1,0,0,0,0,0,1,0,0,0,1,0,0,0,1,0,0,0,0,0,1,0,0,0,0,0,0,0,0,0,1,1,1,1,0,0,0,0,0,0,0,0,0
http://careers.bankofamerica.com/job-detail/19005667/united-states/us/relationship-banker-retail-banking-maricopa-fc--20944-n-john-wayne-pkwy-maricopa-az,19005667,Bank Of America,http://careers.bankofamerica.com/job-detail/19005667/united-states/us/relationship-banker-retail-banking-maricopa-fc--20944-n-john-wayne-pkwy-maricopa-az,1,0,0,0,1,0,0,5,1,0,0,0,0,1,0,0,0,0,0,0,0,0,0,0,0,0,0,0,0,1,0,0,0,0,0,0,0,0,0,0,2,0,0,0,0,0,0,0,0,0,0,0,0,0,3,0,0,0,0,0,0,0,0,0,0,0,0,0,0,0,0,0,0,0,0,0,0,0,0,0,0,0,0,0,0,1,0,0,0,1,2,0,0,1,0,0,0,0,0,0,0
http://careers.bankofamerica.com/job-detail/19007090/united-states/us/financial-center-operation-manger-retail-banking-chandler-and-alma-school-bc-198-n-alma-school-rd-chandler-az,19007090,Bank Of America,http://careers.bankofamerica.com/job-detail/19007090/united-states/us/financial-center-operation-manger-retail-banking-chandler-and-alma-school-bc-198-n-alma-school-rd-chandler-az,1,0,0,0,0,0,1,14,1,1,0,0,1,0,0,0,0,0,3,0,0,0,0,0,0,0,0,0,0,0,0,0,0,0,0,0,0,0,0,0,2,2,0,0,0,0,0,0,0,0,0,0,0,0,3,0,0,0,1,0,0,0,0,0,1,0,0,0,1,0,0,0,1,0,0,0,0,0,2,0,0,0,0,0,0,1,0,0,1,0,1,1,0,0,0,1,0,0,0,0,0
